<?xml version="1.0" encoding="UTF-8"?>
<configuration>
	<appender name="Console"
		class="ch.qos.logback.core.ConsoleAppender">
		<layout class="ch.qos.logback.classic.PatternLayout">
			<Pattern>
				%d{yyyy-MM-dd HH:mm:ss} [%thread] %-5level %logger{36} - %msg%n
			</Pattern>
		</layout>
	</appender>

	<appender name="rolling"
		class="ch.qos.logback.core.rolling.RollingFileAppender">
		<file>apm-tools.log</file>
		<rollingPolicy
			class="ch.qos.logback.core.rolling.SizeAndTimeBasedRollingPolicy">
			<fileNamePattern>apm-tools-%d{yyyy-MM-dd}.%i.log</fileNamePattern>
			<maxFileSize>10MB</maxFileSize>
			<maxHistory>30</maxHistory>
			<totalSizeCap>1GB</totalSizeCap>
		</rollingPolicy>
		<encoder>
			<pattern>%d{yyyy-MM-dd HH:mm:ss} [%thread] %-5level %logger{36} - %msg%n</pattern>
		</encoder>
	</appender>

	<root level="info">
		<appender-ref ref="Console" />
	</root>

	<!-- Log everything at the TRACE level -->
	<logger name="com.statestr" level="trace" additivity="false">
		<appender-ref ref="rolling" />
	</logger>
</configuration>